USE CyberSport;
INSERT INTO Games
VALUES
('Battlefield',   'MOBA',   'Babaroga',   8, 22766),
('Battlefield 2',   'Sport',   'Jagex',   17, 30435),
('Battlefield 3',   'RTS',   'Hexage',   2, 3134),
('Battlefield 4',   'Sport',   'Kloonigames',   12, 8889),
('Battlefield 5',   'Sport',   'Cinemax',   3, 11065),
('Binaries',   'FPS',   'Cinemax',   10, 5856),
('Binaries 2',   'Racing',   'Hexage',   18, 30340),
('Binaries 3',   'FPS',   'Alientrap',   20, 21292),
('Binaries 4',   'FPS',   'Jagex',   5, 4711),
('Binaries 5',   'FPS',   'Cinemax',   7, 3982),
('Biomutant',   'RTS',   'Jagex',   7, 12115),
('Biomutant 2',   'FPS',   'Kloonigames',   13, 9521),
('Biomutant 3',   'FPS',   'Kloonigames',   5, 31382),
('Biomutant 4',   'MOBA',   'Jagex',   4, 13784),
('Biomutant 5',   'FPS',   'Cypronia',   4, 21340),
('Call of Duty',   'RTS',   'Kloonigames',   19, 11638),
('Call of Duty 2',   'RTS',   'Hexage',   11, 32745),
('Call of Duty 3',   'Fighting',   'Alientrap',   15, 31247),
('Call of Duty 4',   'Sport',   'Alientrap',   7, 24340),
('Call of Duty 5',   'Fighting',   'Eurocom',   19, 5581),
('Candleman',   'Racing',   'Alientrap',   18, 20998),
('Candleman 2',   'Racing',   'Kloonigames',   12, 16229),
('Candleman 3',   'MOBA',   'Llamasoft',   4, 23092),
('Candleman 4',   'Racing',   'Frogwares',   19, 31916),
('Candleman 5',   'Fighting',   'Frogwares',   11, 10138),
('Chasm',   'Fighting',   'Babaroga',   16, 17268),
('Chasm 2',   'Fighting',   'Cypronia',   2, 4921),
('Chasm 3',   'Sport',   'Croteam',   15, 25772),
('Chasm 4',   'FPS',   'Frogwares',   5, 16850),
('Chasm 5',   'RTS',   'Alientrap',   4, 5559),
('Chimparty',   'RTS',   'Croteam',   3, 27363),
('Chimparty 2',   'MOBA',   'Kloonigames',   7, 13324),
('Chimparty 3',   'Sport',   'Frogwares',   20, 32738),
('Chimparty 4',   'FPS',   'Alientrap',   17, 7950),
('Chimparty 5',   'FPS',   'Cypronia',   9, 12216),
('Collectems',   'Racing',   'Cinemax',   10, 17453),
('Collectems 2',   'RTS',   'Jagex',   1, 33408),
('Collectems 3',   'Racing',   'Jagex',   19, 14653),
('Collectems 4',   'Racing',   'Llamasoft',   13, 2433),
('Collectems 5',   'MOBA',   'Cypronia',   2, 33046),
('DayZ',   'Racing',   'Llamasoft',   14, 24424),
('DayZ 2',   'FPS',   'Babaroga',   9, 22124),
('DayZ 3',   'RTS',   'Croteam',   2, 29897),
('DayZ 4',   'Sport',   'Jagex',   8, 6383),
('DayZ 5',   'Racing',   'Cinemax',   13, 25816),
('Deiland',   'Sport',   'Hexage',   17, 14502),
('Deiland 2',   'Fighting',   'Babaroga',   9, 20067),
('Deiland 3',   'RTS',   'Frogwares',   8, 15239),
('Deiland 4',   'Racing',   'Frogwares',   16, 27923),
('Deiland 5',   'Racing',   'Cinemax',   3, 14683),
('Descenders',   'MOBA',   'Cypronia',   13, 28387),
('Descenders 2',   'MOBA',   'Llamasoft',   19, 27089),
('Descenders 3',   'Sport',   'Llamasoft',   20, 16863),
('Descenders 4',   'Racing',   'Frogwares',   13, 8416),
('Descenders 5',   'FPS',   'Croteam',   18, 22049),
('Dogos',   'Racing',   'Alientrap',   15, 21857),
('Dogos 2',   'Racing',   'Jagex',   1, 4105),
('Dogos 3',   'Racing',   'Cypronia',   10, 3563),
('Dogos 4',   'Sport',   'Llamasoft',   12, 26300),
('Dogos 5',   'Sport',   'Frogwares',   8, 20465),
('Dollhouse',   'RTS',   'Babaroga',   10, 27358),
('Dollhouse 2',   'Fighting',   'Kloonigames',   1, 27930),
('Dollhouse 3',   'FPS',   'Cypronia',   11, 12691),
('Dollhouse 4',   'Fighting',   'Jagex',   7, 19168),
('Dollhouse 5',   'RTS',   'Hexage',   11, 24498),
('Extinction',   'MOBA',   'Jagex',   13, 32876),
('Extinction 2',   'Fighting',   'Cypronia',   18, 20811),
('Extinction 3',   'Fighting',   'Cypronia',   12, 26288),
('Extinction 4',   'Sport',   'Hexage',   12, 6492),
('Extinction 5',   'RTS',   'Frogwares',   5, 30404),
('Fibbage',   'Fighting',   'Jagex',   15, 21966),
('Fibbage 2',   'Fighting',   'Llamasoft',   5, 4741),
('Fibbage 3',   'Racing',   'Cypronia',   2, 5045),
('Fibbage 4',   'RTS',   'Cypronia',   7, 4972),
('Fibbage 5',   'Fighting',   'Babaroga',   19, 16328),
('Flockers',   'FPS',   'Cinemax',   10, 15275),
('Flockers 2',   'Fighting',   'Cinemax',   15, 24350),
('Flockers 3',   'FPS',   'Cinemax',   3, 25997),
('Flockers 4',   'Racing',   'Llamasoft',   5, 3114),
('Flockers 5',   'MOBA',   'Croteam',   6, 3343),
('Forgotton',   'Sport',   'Jagex',   8, 29689),
('Forgotton 2',   'MOBA',   'Babaroga',   19, 4026),
('Forgotton 3',   'Racing',   'Cinemax',   13, 20394),
('Forgotton 4',   'Sport',   'Llamasoft',   3, 16066),
('Forgotton 5',   'Sport',   'Llamasoft',   13, 5677),
('FutureGrind',   'RTS',   'Cinemax',   7, 8036),
('FutureGrind 2',   'MOBA',   'Llamasoft',   3, 25151),
('FutureGrind 3',   'Racing',   'Cypronia',   12, 30076),
('FutureGrind 4',   'RTS',   'Llamasoft',   2, 18596),
('FutureGrind 5',   'Sport',   'Alientrap',   20, 29797),
('HoPiKo',   'Racing',   'Croteam',   8, 6823),
('HoPiKo 2',   'RTS',   'Kloonigames',   5, 12820),
('HoPiKo 3',   'FPS',   'Alientrap',   17, 20687),
('HoPiKo 4',   'Fighting',   'Alientrap',   15, 14455),
('HoPiKo 5',   'FPS',   'Hexage',   6, 6626),
('Inversus',   'FPS',   'Cinemax',   15, 20747),
('Inversus 2',   'RTS',   'Cinemax',   16, 18975),
('Inversus 3',   'MOBA',   'Croteam',   1, 26300),
('Inversus 4',   'Fighting',   'Eurocom',   18, 9910),
('Inversus 5',   'RTS',   'Cypronia',   18, 6656)


INSERT INTO PersonalInformation
VALUES
('BlackKingThin',   'Roy',  'Cramer',  39, 'Romania'),
('BlackShootShoot',   'Alexey',  'Daniels',  21, 'China'),
('BlackThinLight',   'Ted',  'Petrov',  28, 'Chad'),
('ClerkFastDark',   'Sam',  'Taylor',  35, 'Ukraine'),
('ClerkFastWhite',   'Hiroto',  'Daniels',  20, 'Brazil'),
('ClerkFatWhite',   'Greg',  'Krasnov',  26, 'Uganda'),
('ClerkGodSpy',   'Sam',  'Sherlock',  29, 'Brazil'),
('ClerkKingRough',   'Max',  'Anderson',  23, 'Japan'),
('ClerkSmellingKing',   'William',  'Farmer',  34, 'China'),
('ClerkUnfunnyThin',   'Max',  'Fisher',  33, 'Ukraine'),
('ClerkWhiteThin',   'Victor',  'Daniels',  21, 'Ukraine'),
('DarkDarkSmelling',   'Pavel',  'Bush',  19, 'Ukraine'),
('DarkFatClerk',   'Tony',  'Sherlock',  30, 'Zimbabwe'),
('DarkFatFat',   'Mike',  'Taylor',  18, 'Romania'),
('DarkFunnySpy',   'Sam',  'Dunce',  33, 'Ukraine'),
('ElderThinClerk',   'Sam',  'Petrov',  36, 'Brazil'),
('FastElderShoot',   'Pavel',  'Fisher',  39, 'Brazil'),
('FastFastSpy',   'Hiroto',  'Nagamoto',  27, 'Japan'),
('FastFunnySpy',   'Sam',  'Derrick',  28, 'Japan'),
('FastKingLight',   'Irlando',  'Babcock',  33, 'Chad'),
('FastLightFast',   'Danil',  'Taylor',  24, 'Chad'),
('FastLightFunny',   'Irlando',  'Cramer',  31, 'Russia'),
('FastManFunny',   'Roy',  'Bush',  18, 'German'),
('FastSpySmelling',   'Max',  'Derrick',  27, 'Chad'),
('FastUnfunnyKing',   'William',  'Taylor',  33, 'Italy'),
('FatBlackFat',   'Roy',  'Farmer',  25, 'Uganda'),
('FatDarkFast',   'Verondo',  'Farmer',  39, 'America'),
('FatManRough',   'Andrey',  'Ivanov',  40, 'America'),
('FatRainFunny',   'Duke',  'Nagamoto',  25, 'Romania'),
('FatRainUnfunny',   'Hiroto',  'Taylor',  39, 'Zimbabwe'),
('FatUnfunnyThin',   'Irlando',  'Anderson',  19, 'Japan'),
('FunnyClerkFat',   'Ted',  'Sherlock',  26, 'Zimbabwe'),
('FunnyFastThin',   'Alexey',  'Bush',  40, 'Chad'),
('FunnyFatDark',   'Greg',  'Bush',  39, 'Zimbabwe'),
('FunnyKingFast',   'Wilson',  'Cramer',  39, 'Ukraine'),
('FunnyManMan',   'Victor',  'Dunce',  32, 'Ukraine'),
('FunnyRainUnfunny',   'David',  'Krasnov',  36, 'Ukraine'),
('FunnyRoughSmelling',   'Danil',  'Birch',  19, 'America'),
('FunnySmellingLight',   'Wilson',  'Fisher',  23, 'German'),
('FunnyThinRain',   'Danil',  'Petrov',  22, 'Italy'),
('GodFatDark',   'Victor',  'Farmer',  18, 'German'),
('GodRoughRain',   'Pavel',  'Sherlock',  31, 'Japan'),
('GodSpyLight',   'Pavel',  'Fisher',  21, 'America'),
('KingBlackKing',   'Max',  'Nagamoto',  26, 'britain'),
('KingFastThin',   'Wilson',  'Petrov',  28, 'Ukraine'),
('KingRainKing',   'Danil',  'Gilbert',  38, 'Italy'),
('KingSpyFat',   'Mike',  'Krasnov',  35, 'Chad'),
('KingWhiteShoot',   'Irlando',  'Daniels',  35, 'China'),
('KingWhiteSpy',   'Verondo',  'Bush',  26, 'America'),
('LightElderGod',   'Pavel',  'Farmer',  23, 'Uganda'),
('LightFastClerk',   'Ted',  'Petrov',  31, 'Brazil'),
('LightWhiteBlack',   'Danil',  'Cramer',  39, 'China'),
('ManBlackSmelling',   'William',  'Farmer',  18, 'America'),
('ManElderDark',   'David',  'Gilbert',  28, 'Chad'),
('ManLightThin',   'Andrey',  'Birch',  20, 'Japan'),
('ManRoughKing',   'Roy',  'Derrick',  37, 'America'),
('ManShootKing',   'David',  'Cramer',  25, 'Brazil'),
('ManSmellingSpy',   'Duke',  'Babcock',  37, 'Ukraine'),
('ManThinFat',   'Johnny',  'Dunce',  38, 'Chad'),
('RainFunnyFat',   'Wilson',  'Farmer',  31, 'Romania'),
('RainLightUnfunny',   'Verondo',  'Bush',  39, 'Uganda'),
('RainManUnfunny',   'Sam',  'Taylor',  38, 'Japan'),
('RainSmellingClerk',   'Verondo',  'Petrov',  35, 'America'),
('RoughDarkKing',   'Greg',  'Sherlock',  28, 'America'),
('RoughFastFat',   'Sam',  'Dunce',  20, 'Italy'),
('RoughManFast',   'Johnny',  'Gilbert',  25, 'Brazil'),
('RoughShootFunny',   'Sam',  'Dunce',  18, 'Ukraine'),
('RoughSmellingShoot',   'Mike',  'Cramer',  29, 'Ukraine'),
('RoughThinBlack',   'Mike',  'Cramer',  30, 'Ukraine'),
('ShootBlackFunny',   'Max',  'Nagamoto',  18, 'German'),
('ShootLightMan',   'Danil',  'Gilbert',  23, 'Zimbabwe'),
('ShootSmellingLight',   'Ted',  'Bush',  34, 'Uganda'),
('ShootWhiteWhite',   'David',  'Fisher',  40, 'britain'),
('SmellingDarkSpy',   'Roy',  'Sherlock',  26, 'German'),
('SmellingElderGod',   'Irlando',  'Petrov',  34, 'britain'),
('SmellingFatShoot',   'Verondo',  'Nagamoto',  32, 'Zimbabwe'),
('SmellingKingDark',   'Johnny',  'Derrick',  18, 'Chad'),
('SpyClerkBlack',   'Wilson',  'Farmer',  32, 'Brazil'),
('SpyFunnyShoot',   'Irlando',  'Fisher',  26, 'Zimbabwe'),
('SpyLightClerk',   'Danil',  'Bush',  38, 'America'),
('SpySmellingFunny',   'Danil',  'Daniels',  36, 'Uganda'),
('ThinFunnySmelling',   'Irlando',  'Babcock',  30, 'Italy'),
('ThinGodRain',   'Alexey',  'Sherlock',  30, 'Zimbabwe'),
('ThinKingFat',   'Johnny',  'Birch',  33, 'Uganda'),
('ThinLightKing',   'David',  'Taylor',  27, 'Japan'),
('ThinUnfunnyFat',   'Andrey',  'Nagamoto',  20, 'britain'),
('UnfunnyBlackBlack',   'Ted',  'Anderson',  32, 'Ukraine'),
('UnfunnyGodFast',   'Verondo',  'Bush',  35, 'Italy'),
('UnfunnyRoughUnfunny',   'David',  'Taylor',  22, 'Romania'),
('WhiteClerkDark',   'Verondo',  'Daniels',  36, 'America'),
('WhiteElderElder',   'Irlando',  'Birch',  31, 'German'),
('WhiteElderSmelling',   'Alexey',  'Sherlock',  26, 'Romania'),
('WhiteFastWhite',   'Victor',  'Ivanov',  27, 'Brazil'),
('WhiteFatFunny',   'Greg',  'Krasnov',  40, 'Uganda'),
('WhiteFunnyGod',   'Sam',  'Babcock',  22, 'China'),
('WhiteGodBlack',   'Mike',  'Nagamoto',  39, 'Zimbabwe'),
('WhiteGodFat',   'Verondo',  'Gilbert',  35, 'Chad'),
('WhiteShootRain',   'Pavel',  'Birch',  29, 'britain'),
('WhiteShootUnfunny',   'David',  'Gilbert',  29, 'Zimbabwe'),
('WhiteSmellingKing',   'Irlando',  'Petrov',  19, 'America')


INSERT INTO Players
VALUES
('BlackKingThin',   14585, 1, 'Inversus 3',   'Defensive' ),
('BlackShootShoot',   15100, 5, 'Battlefield 3',   'Middle' ),
('BlackThinLight',   1384, 4, 'HoPiKo',   'Middle' ),
('ClerkFastDark',   18487, 1, 'FutureGrind 2',   'Agressive' ),
('ClerkFastWhite',   8912, 3, 'Dollhouse 2',   'Defensive' ),
('ClerkFatWhite',   17123, 2, 'Deiland 4',   'Agressive' ),
('ClerkGodSpy',   17593, 1, 'Candleman 3',   'Defensive' ),
('ClerkKingRough',   32019, 3, 'Forgotton 2',   'Agressive' ),
('ClerkSmellingKing',   6391, 3, 'Biomutant 3',   'Agressive' ),
('ClerkUnfunnyThin',   23035, 2, 'Extinction 5',   'Agressive' ),
('ClerkWhiteThin',   13799, 3, 'Dollhouse',   'Middle' ),
('DarkDarkSmelling',   22223, 5, 'FutureGrind 4',   'Middle' ),
('DarkFatClerk',   29931, 0, 'Battlefield 4',   'Agressive' ),
('DarkFatFat',   21980, 0, 'Chasm 3',   'Defensive' ),
('DarkFunnySpy',   29986, 1, 'Candleman 5',   'Defensive' ),
('ElderThinClerk',   2022, 2, 'Biomutant 5',   'Agressive' ),
('FastElderShoot',   17004, 1, 'Dogos',   'Middle' ),
('FastFastSpy',   4036, 5, 'Binaries 4',   'Agressive' ),
('FastFunnySpy',   23709, 1, 'Call of Duty 2',   'Middle' ),
('FastKingLight',   15418, 3, 'Battlefield 3',   'Middle' ),
('FastLightFast',   6911, 1, 'HoPiKo 5',   'Agressive' ),
('FastLightFunny',   29718, 3, 'Candleman',   'Agressive' ),
('FastManFunny',   10254, 3, 'Chasm 5',   'Defensive' ),
('FastSpySmelling',   12430, 5, 'Binaries 4',   'Middle' ),
('FastUnfunnyKing',   4463, 0, 'FutureGrind 3',   'Defensive' ),
('FatBlackFat',   8663, 0, 'Call of Duty 3',   'Middle' ),
('FatDarkFast',   10288, 3, 'FutureGrind 4',   'Agressive' ),
('FatManRough',   23049, 0, 'Forgotton 5',   'Agressive' ),
('FatRainFunny',   11590, 3, 'Inversus 2',   'Defensive' ),
('FatRainUnfunny',   6706, 2, 'Call of Duty 2',   'Agressive' ),
('FatUnfunnyThin',   1603, 3, 'Binaries 5',   'Middle' ),
('FunnyClerkFat',   7607, 3, 'Biomutant 2',   'Agressive' ),
('FunnyFastThin',   30294, 4, 'Binaries 3',   'Defensive' ),
('FunnyFatDark',   32755, 3, 'Flockers',   'Defensive' ),
('FunnyKingFast',   6024, 4, 'Collectems 5',   'Defensive' ),
('FunnyManMan',   6154, 3, 'FutureGrind 3',   'Defensive' ),
('FunnyRainUnfunny',   4149, 3, 'Descenders 3',   'Defensive' ),
('FunnyRoughSmelling',   26381, 0, 'Biomutant 2',   'Agressive' ),
('FunnySmellingLight',   16584, 3, 'Binaries 4',   'Middle' ),
('FunnyThinRain',   29779, 2, 'Collectems 4',   'Defensive' ),
('GodFatDark',   26042, 4, 'DayZ 4',   'Agressive' ),
('GodRoughRain',   13333, 2, 'Dollhouse 3',   'Agressive' ),
('GodSpyLight',   27084, 1, 'Candleman 5',   'Defensive' ),
('KingBlackKing',   21580, 4, 'Inversus 2',   'Agressive' ),
('KingFastThin',   25731, 0, 'Fibbage 4',   'Defensive' ),
('KingRainKing',   3015, 1, 'Chimparty 4',   'Agressive' ),
('KingSpyFat',   228, 4, 'Biomutant 3',   'Defensive' ),
('KingWhiteShoot',   18319, 1, 'Deiland 4',   'Defensive' ),
('KingWhiteSpy',   18545, 3, 'Extinction 2',   'Agressive' ),
('LightElderGod',   21119, 2, 'Biomutant 3',   'Middle' ),
('LightFastClerk',   3683, 5, 'Collectems 5',   'Middle' ),
('LightWhiteBlack',   21278, 2, 'Extinction',   'Middle' ),
('ManBlackSmelling',   30504, 4, 'Chimparty',   'Defensive' ),
('ManElderDark',   15295, 0, 'Call of Duty 5',   'Middle' ),
('ManLightThin',   22559, 4, 'Descenders 2',   'Middle' ),
('ManRoughKing',   2267, 2, 'Binaries 3',   'Agressive' ),
('ManShootKing',   27538, 0, 'Flockers 4',   'Middle' ),
('ManSmellingSpy',   27053, 2, 'Collectems 3',   'Agressive' ),
('ManThinFat',   5363, 4, 'Flockers 4',   'Middle' ),
('RainFunnyFat',   12047, 3, 'Forgotton 2',   'Middle' ),
('RainLightUnfunny',   12635, 4, 'Chimparty 5',   'Middle' ),
('RainManUnfunny',   7316, 3, 'Deiland 5',   'Middle' ),
('RainSmellingClerk',   12351, 5, 'Collectems',   'Agressive' ),
('RoughDarkKing',   30693, 2, 'Collectems 5',   'Middle' ),
('RoughFastFat',   28788, 2, 'Flockers',   'Agressive' ),
('RoughManFast',   29280, 2, 'Flockers',   'Middle' ),
('RoughShootFunny',   7525, 3, 'Descenders 3',   'Defensive' ),
('RoughSmellingShoot',   18670, 4, 'Call of Duty 5',   'Middle' ),
('RoughThinBlack',   2194, 1, 'Inversus 2',   'Defensive' ),
('ShootBlackFunny',   13860, 3, 'Candleman 3',   'Middle' ),
('ShootLightMan',   15179, 5, 'Battlefield',   'Middle' ),
('ShootSmellingLight',   4765, 4, 'Flockers 4',   'Middle' ),
('ShootWhiteWhite',   15534, 3, 'Dogos',   'Middle' ),
('SmellingDarkSpy',   16278, 2, 'Descenders',   'Agressive' ),
('SmellingElderGod',   18398, 3, 'Deiland',   'Defensive' ),
('SmellingFatShoot',   14283, 0, 'Candleman 4',   'Middle' ),
('SmellingKingDark',   28292, 5, 'Deiland 4',   'Defensive' ),
('SpyClerkBlack',   25232, 5, 'Deiland 5',   'Middle' ),
('SpyFunnyShoot',   25483, 2, 'Extinction',   'Agressive' ),
('SpyLightClerk',   1330, 2, 'Dollhouse 2',   'Defensive' ),
('SpySmellingFunny',   27159, 2, 'Descenders',   'Middle' ),
('ThinFunnySmelling',   28303, 4, 'Dollhouse',   'Middle' ),
('ThinGodRain',   9413, 2, 'Extinction 3',   'Middle' ),
('ThinKingFat',   14579, 0, 'Inversus 5',   'Agressive' ),
('ThinLightKing',   16681, 4, 'Candleman 4',   'Agressive' ),
('ThinUnfunnyFat',   15926, 1, 'Binaries 5',   'Middle' ),
('UnfunnyBlackBlack',   15236, 3, 'Descenders 4',   'Agressive' ),
('UnfunnyGodFast',   6674, 0, 'Flockers 2',   'Middle' ),
('UnfunnyRoughUnfunny',   14021, 4, 'Binaries 3',   'Middle' ),
('WhiteClerkDark',   22217, 0, 'Dogos 3',   'Middle' ),
('WhiteElderElder',   9411, 3, 'Fibbage 4',   'Defensive' ),
('WhiteElderSmelling',   8183, 1, 'Inversus 4',   'Defensive' ),
('WhiteFastWhite',   15032, 4, 'Descenders 4',   'Agressive' ),
('WhiteFatFunny',   6068, 2, 'Chasm 5',   'Middle' ),
('WhiteFunnyGod',   28160, 4, 'Biomutant 2',   'Middle' ),
('WhiteGodBlack',   10733, 2, 'Candleman 2',   'Agressive' ),
('WhiteGodFat',   29969, 3, 'DayZ 5',   'Middle' ),
('WhiteShootRain',   31236, 2, 'Biomutant 2',   'Middle' ),
('WhiteShootUnfunny',   2237, 5, 'Candleman 4',   'Defensive' ),
('WhiteSmellingKing',   18085, 2, 'DayZ 4',   'Agressive' )
